{
  "9": {
    "scale": 372.0187691888279,
    "offset": 0.8193000374408184
  },
  "8": {
    "scale": 164.19419831492053,
    "offset": 0.8111380540103067
  },
  "4": {
    "scale": 171.42043583990295,
    "offset": 0.7141811458856203
  },
  "2": {
    "scale": 179.11094762291646,
    "offset": 0.7590198716326484
  },
  "5": {
    "scale": 294.9000502354477,
    "offset": 0.9587840416038063
  },
  "6": {
    "scale": 387.5698643388159,
    "offset": 0.6505536510356758
  },
  "1": {
    "scale": 343.23234530427595,
    "offset": 0.7840794362565482
  },
  "3": {
    "scale": 305.9046087560458,
    "offset": 0.8858024346412134
  },
  "7": {
    "scale": 357.2403151711539,
    "offset": 0.8334315020284765
  }
}